Name,mutation,mutation_label,mutation_type,logFC,PValue,padj,FC
KRS17ATG,Ser344Met,S344M,Mutant,11.787031154583406,2.3564728640560252e-7,4.724167027464698e-6,3533.864859215392
KRS12ATG,Asn339Met,N339M,Mutant,11.19642005441095,8.247030467629702e-6,5.599999720761458e-5,2346.7038207856026
KRS17TTA,Ser344Leu,S344L,Mutant,11.084041401657293,2.3552866364172996e-6,2.4042558765161932e-5,2170.845597219417
KRS12GAA,Asn339Glu,N339E,Mutant,11.011770317732427,6.921003982030012e-7,8.643154016245924e-6,2064.7770814780342
KRS15TAT,Phe342Tyr,F342Y,Mutant,10.43371218840157,9.480222992837477e-6,6.140267507668582e-5,1383.121508110561
KRS16TAA,Thr343Stop,T343NA,Stop,9.878961713132844,9.253780285429218e-6,6.087252344008908e-5,941.5942584906137
KRS11TAA,His338Stop,H338NA,Stop,9.828557507043634,6.166773574786351e-7,8.643154016245924e-6,909.265312909557
KRS1GGT,Val328Gly,V328G,Mutant,9.819069147649792,8.197661186395917e-7,9.860615312779089e-6,903.3048518729116
KRS1TCT,Val328Ser,V328S,Mutant,9.578976879142974,1.5678609749425407e-6,1.737024922238973e-5,764.8202328142811
KRS18GAT,Cys345Asp,C345D,Mutant,8.349045760719664,3.170765208165479e-4,0.0010941738956046449,326.07177616212255
KRS12AAA,Asn339Lys,N339K,Mutant,8.187753946604927,7.566500661138881e-6,5.291253844878942e-5,291.58121079753033
KRS17ATT,Ser344Ile,S344I,Mutant,7.979313279380426,0.0010496075588032061,0.002779149573938049,252.3554229640779
KRS15CAT,Phe342His,F342H,Mutant,7.818221029405416,1.707484028541845e-4,6.4183105001439e-4,225.6934953527789
KRS12TTA,Asn339Leu,N339L,Mutant,7.7652932635295695,8.24046285054329e-5,3.4348860000779456e-4,217.56358047571197
KRS18CGT,Cys345Arg,C345R,Mutant,7.332179506580326,9.165128899892364e-4,0.002555310772751447,161.1409668423388
KRS2CCT,Phe329Pro,F329P,Mutant,7.291115280982061,6.95154293061134e-5,3.0171129626673963e-4,156.61898366909398
KRS1TTA,Val328Leu,V328L,Mutant,7.255694014517939,7.613894994851099e-5,3.2378280735679925e-4,152.82047235961116
KRS1CAT,Val328His,V328H,Mutant,7.137545530239938,1.061518375015434e-4,4.216030527183941e-4,140.804099688244
KRS2TAA,Phe329Stop,F329NA,Stop,6.984208707623983,1.3262577393679845e-4,5.218266432466556e-4,126.60659152737871
KRS1AAT,Val328Asn,V328N,Mutant,6.618147278915986,9.235732769284918e-4,0.0025580549314927307,98.23377792225162
KRS12GGT,Asn339Gly,N339G,Mutant,6.568721076188986,7.578051079820332e-4,0.0022118391824880804,94.925321580551
KRS1TTT,Val328Phe,V328F,Mutant,6.563321287949526,5.820310296916982e-4,0.001774548021880046,94.57069460254348
KRS12AAC,Asn339Asn,N339N,Synonymous,6.137992527733534,4.787810945370668e-4,0.001515540156391768,70.4238662464933
KRS15TTC,Phe342Phe,F342F,Synonymous,5.938915930023746,0.0016360121569384996,0.004075509574385256,61.346789106106904
KRS11TCT,His338Ser,H338S,Mutant,5.8179483466233455,0.0012206164173988838,0.003058806617410298,56.41271030349818
KRS7GAA,Ile334Glu,I334E,Mutant,5.778655823117085,0.0044045938006944466,0.008872411435848621,54.89701586557883
KRS17GTT,Ser344Val,S344V,Mutant,5.765446065425848,0.005098799125414494,0.010173433326063991,54.3966561923514
KRS12TTT,Asn339Phe,N339F,Mutant,5.696486681885741,0.0017129937859890958,0.00419285106919424,51.85771315593214
KRS12GTT,Asn339Val,N339V,Mutant,5.628563289887687,0.0010935564540981468,0.002841896710958764,49.47278770063743
KRS1TGT,Val328Cys,V328C,Mutant,5.619871209199804,0.0011284447549669856,0.002896800255128664,49.17561564985972
KRS12TCT,Asn339Ser,N339S,Mutant,5.56145340883795,0.0011235946232072034,0.002896800255128664,47.224165861044305
KRS1GTA,Val328Val,V328V,Wildtype,5.416655786509988,9.026063658542112e-4,0.0025333152001641526,42.7145531982909
KRS13TTT,Pro340Phe,P340F,Mutant,5.232375597470023,0.0022068525997969014,0.005082965913522081,37.59256881699377
KRS16ACC,Thr343Thr,T343T,Synonymous,5.062001374495981,0.003632001760997966,0.007532378036355388,33.40521350356257
KRS16TAT,Thr343Tyr,T343Y,Mutant,4.98365608893048,0.040048169002595196,0.06244547833367622,31.639526163639385
KRS12GAT,Asn339Asp,N339D,Mutant,4.947660076197218,0.0020657595037840717,0.004913473170017482,30.859869933091915
KRS11TTT,His338Phe,H338F,Mutant,4.855371337151427,0.004354352863384098,0.008813377670599545,28.94758998094809
KRS12CGT,Asn339Arg,N339R,Mutant,4.850159065323224,0.0011663452956244276,0.0029759476936841458,28.843194754299695
KRS15ATT,Phe342Ile,F342I,Mutant,4.834615525535069,0.017984140375658337,0.030653129952033037,28.53410734292274
KRS12TAT,Asn339Tyr,N339Y,Mutant,4.695823875154937,0.003479812235340123,0.007252479955832633,25.916947010800378
KRS15TGG,Phe342Trp,F342W,Mutant,4.642896884786509,0.01100328551110366,0.020386444713998347,24.98338203688577
KRS1TGG,Val328Trp,V328W,Mutant,4.6404638320409655,0.002903700312231144,0.006143004178137245,24.94128397960781
KRS12CAA,Asn339Gln,N339Q,Mutant,4.574951180567599,0.0038172284187695327,0.007861032162517396,23.834032875241068
KRS13ACT,Pro340Thr,P340T,Mutant,4.533384430958408,0.011089063751794826,0.020386444713998347,23.157127967726687
KRS15ACT,Phe342Thr,F342T,Mutant,4.369559420717386,0.03025178414328613,0.04936434544311419,20.67133158497785
KRS2GTT,Phe329Val,F329V,Mutant,4.34117005859854,0.029928376884926812,0.04902664073367388,20.268537085507212
KRS12ACT,Asn339Thr,N339T,Mutant,4.314974742941194,0.0069877294846237776,0.013591878122422013,19.903837996037964
KRS17TAA,Ser344Stop,S344NA,Stop,4.273959866480864,0.011866154967181675,0.021626195849279155,19.345952631710045
KRS1GAT,Val328Asp,V328D,Mutant,4.1829301676896495,0.04644835765914875,0.07152198895415744,18.162994450221973
KRS11TGG,His338Trp,H338W,Mutant,4.091951236131515,3.7349395977107707e-6,3.208999123747417e-5,17.052971367739726
KRS11AAA,His338Lys,H338K,Mutant,4.091353858843689,0.015146427273810843,0.026133794599485102,17.045911699058554
KRS17TGT,Ser344Cys,S344C,Mutant,4.06754871209977,0.019482063911583664,0.03293955384247679,16.76695393485216
KRS11TAT,His338Tyr,H338Y,Mutant,3.920654991398383,4.125288760118816e-4,0.001315717096977289,15.143796152971003
KRS1TAA,Val328Stop,V328NA,Stop,3.897721342677662,0.03434789106493424,0.055192603581440125,14.904967688309934
KRS14GAG,Glu341Glu,E341E,Synonymous,3.878563113099016,3.2209392632478456e-7,5.841881988147647e-6,14.708345980785095
KRS16ATT,Thr343Ile,T343I,Mutant,3.85848416804374,0.02554499590392816,0.042340327856510845,14.505058088889413
KRS17GGT,Ser344Gly,S344G,Mutant,3.784554937367941,0.06937601937198072,0.10176761029827136,13.780486703385451
KRS8GGT,Asp335Gly,D335G,Mutant,3.7041462251655144,1.0364065799417982e-5,6.552133504370506e-5,13.033441954003418
KRS18ATT,Cys345Ile,C345I,Mutant,3.6747323622784465,0.05418975604204631,0.08265901193370107,12.77040489435329
KRS2AAA,Phe329Lys,F329K,Mutant,3.667073389677733,0.040309468207734414,0.0626209819758531,12.702789067422565
KRS15TGT,Phe342Cys,F342C,Mutant,3.640881119842664,0.012561750294464998,0.022504242016892613,12.47424954323129
KRS19GAG,Glu346Glu,E346E,Synonymous,3.5747162558483323,7.47840218576305e-8,2.098938213470829e-6,11.915076059554353
KRS11CAC,His338His,H338H,Synonymous,3.572546964283278,3.3302890193715804e-7,5.841881988147647e-6,11.89717355727832
KRS16ATG,Thr343Met,T343M,Mutant,3.5706805029511357,0.18508849055480064,0.2405007855665774,11.88179175037638
KRS1CCT,Val328Pro,V328P,Mutant,3.56750757771974,0.03452433112900414,0.05526518405061119,11.855688790829982
KRS16TGT,Thr343Cys,T343C,Mutant,3.402302527146255,0.186611209506989,0.24173328985366882,10.572924111010767
KRS1GTT,Val328Val,V328V,Synonymous,3.265399491666525,0.03467346563370902,0.0552936705749678,9.61575069167773
KRS12TAA,Asn339Stop,N339NA,Stop,3.255191070553154,0.03675447326847018,0.05752280017110017,9.547950391215245
KRS1ACT,Val328Thr,V328T,Mutant,3.2461525924702497,0.10848743245030412,0.15073666356956447,9.488319512667193
KRS11CAA,His338Gln,H338Q,Mutant,3.2251345604577084,0.014516188322888446,0.025149445612905497,9.351090125880914
KRS13ATT,Pro340Ile,P340I,Mutant,3.2069489194314063,0.0977773771789876,0.13860025519311037,9.23395639363538
KRS17ACT,Ser344Thr,S344T,Mutant,3.1843062668151245,0.09203488727756858,0.13134470353849617,9.090163645951318
KRS13CAT,Pro340His,P340H,Mutant,3.0188771135561585,0.014069959571856855,0.0246810540822989,8.10536476992988
KRS5GAG,Glu332Glu,E332E,Synonymous,2.996320545829959,0.0012059783067635379,0.003040759275061581,7.97962276985104
KRS11GAT,His338Asp,H338D,Mutant,2.940829797746844,0.012678106332894493,0.02252102432974085,7.678528158887082
KRS17AAT,Ser344Asn,S344N,Mutant,2.9018504368058515,0.10434569618565684,0.1464317936472051,7.473843926686571
KRS2TCT,Phe329Ser,F329S,Mutant,2.840355375553718,0.137831173111478,0.18839910350627348,7.161964539429401
KRS16CAA,Thr343Gln,T343Q,Mutant,2.7953098595650423,0.06241209273547755,0.09317550014764557,6.9418002850686396
KRS4GAT,Asn331Asp,N331D,Mutant,2.794770738613168,5.792431137250346e-4,0.001774548021880046,6.939206687186665
KRS17TCT,Ser344Ser,S344S,Synonymous,2.7631081532513626,0.06538795246819094,0.09659062452318731,6.78857210749176
KRS13GTT,Pro340Val,P340V,Mutant,2.755275138805967,0.0786188089806495,0.11452774595451017,6.751813896085622
KRS13AAT,Pro340Asn,P340N,Mutant,2.743012065285456,0.09349687082141678,0.13298034667505562,6.694665928848679
KRS4AAC,Asn331Asn,N331N,Synonymous,2.675903116617648,2.243100041380194e-5,1.1658581696556318e-4,6.390386174357295
KRS13TTA,Pro340Leu,P340L,Mutant,2.6397851474087894,0.14256915961570696,0.19299555047656794,6.2323884130403195
KRS12GCT,Asn339Ala,N339A,Mutant,2.611719557507988,0.006736642993683673,0.013191286978329424,6.112317806810107
KRS13CCC,Pro340Pro,P340P,Synonymous,2.5696081636600265,0.00220227738327006,0.005082965913522081,5.936481713596024
KRS8GAC,Asp335Asp,D335D,Synonymous,2.5061921320836142,8.491224839269094e-5,3.4817887626033874e-4,5.681185980352119
KRS18TGC,Cys345Cys,C345C,Synonymous,2.4325639418609755,0.0010202116006426292,0.0027357266488569868,5.3985199778754085
KRS7ATG,Ile334Met,I334M,Mutant,2.4294397563898573,6.522545995935214e-4,0.0019337970875272711,5.386842021988031
KRS14GAT,Glu341Asp,E341D,Mutant,2.401890502171616,0.013307155832611784,0.02353912859466202,5.284952489499837
KRS3CGT,Arg330Arg,R330R,Synonymous,2.381233149841805,0.0021849864026078965,0.005082965913522081,5.209818634217815
KRS13GCT,Pro340Ala,P340A,Mutant,2.3770775099133763,0.006153266045265661,0.012162089225618983,5.19483349989329
KRS16TTA,Thr343Leu,T343L,Mutant,2.325454903751448,0.16832448572772296,0.2207620202223407,5.012237940428047
KRS15TCT,Phe342Ser,F342S,Mutant,2.2916947935490835,0.09076688130164202,0.12997570417684112,4.8963096310797045
KRS11AAT,His338Asn,H338N,Mutant,2.2906388410175826,0.08935739422931958,0.12839407157182098,4.892727183836445
KRS9CCT,Asn336Pro,N336P,Mutant,2.1577569449130904,0.2731907390986771,0.33629620222381007,4.462205465060385
KRS10ACT,Thr337Thr,T337T,Synonymous,2.0548313197852743,0.05748605961595156,0.08612680106162138,4.154950587072756
KRS20GGT,Phe347Gly,F347G,Mutant,2.014667900340073,0.33964646220470407,0.4050741093149587,4.040875493814491
KRS12CAT,Asn339His,N339H,Mutant,1.9993750703627906,0.16726331004569964,0.2200557922788736,3.9982677023509074
KRS2ACT,Phe329Thr,F329T,Mutant,1.989659051014212,0.23236999678666387,0.2920231899915985,3.9714313110988626
KRS16GCT,Thr343Ala,T343A,Mutant,1.9896348228462146,0.1057174001222824,0.14786387193183018,3.971364616687137
KRS17TGG,Ser344Trp,S344W,Mutant,1.866228585358621,0.002647279616000266,0.005804712074667251,3.645782726623399
KRS6GGC,Gly333Gly,G333G,Synonymous,1.8460570751451617,0.03558827335574467,0.0563258010630395,3.5951627335747594
KRS3GGT,Arg330Gly,R330G,Mutant,1.7936629292510176,0.0028944724582925757,0.006143004178137245,3.4669401447806885
KRS2CAT,Phe329His,F329H,Mutant,1.7180861443924782,0.054590140999697306,0.08296913126668796,3.2899967171326234
KRS9TTT,Asn336Phe,N336F,Mutant,1.6136967415127863,0.3527418784229188,0.4195037593673696,3.060350177959023
KRS19GGT,Glu346Gly,E346G,Mutant,1.5563891511400247,0.05564959492717181,0.08397304467505136,2.941167913526756
KRS12ATT,Asn339Ile,N339I,Mutant,1.5524365527406787,0.1879336278199541,0.24269956230736406,2.9331209287193145
KRS17CCT,Ser344Pro,S344P,Mutant,1.5177526012937175,0.15053709171882776,0.2018347631007213,2.863446405868193
KRS7TTA,Ile334Leu,I334L,Mutant,1.4761459673154653,0.2295527561689608,0.2893464381650674,2.7820454077249877
KRS9TTA,Asn336Leu,N336L,Mutant,1.4716352081109572,0.3349991005511679,0.4027451901266455,2.773360592976222
KRS11ATT,His338Ile,H338I,Mutant,1.4145981341835256,0.15724440484748248,0.20752318006517279,2.6658546711785776
KRS12TGT,Asn339Cys,N339C,Mutant,1.3769115375732566,0.2099480865957662,0.2678428619903563,2.597117951844862
KRS15GAA,Phe342Glu,F342E,Mutant,1.352953302595635,0.5201686575748747,0.5934715578293287,2.554344837574068
KRS14GGT,Glu341Gly,E341G,Mutant,1.3181666305813524,0.06667288980032504,0.09814435876201694,2.4934903688539727
KRS17TTT,Ser344Phe,S344F,Mutant,1.3009234327793189,0.3337562775193493,0.40261144078981675,2.4638653802879484
KRS10CCT,Thr337Pro,T337P,Mutant,1.2713887473711774,0.03271523338330926,0.05297351251682,2.4139382095377964
KRS1GCT,Val328Ala,V328A,Mutant,1.2646830892365786,0.22788951765423884,0.28811257337067436,2.4027442403386434
KRS14TCT,Glu341Ser,E341S,Mutant,1.243081290766902,0.15717826632410659,0.20752318006517279,2.3670354138278245
KRS20TTC,Phe347Phe,F347F,Synonymous,1.2131754876714194,0.035210493987922795,0.05593818101477546,2.318473903005389
KRS11TGT,His338Cys,H338C,Mutant,1.2094094246236828,0.11538775938169844,0.1597968641437337,2.3124295679098053
KRS16TCT,Thr343Ser,T343S,Mutant,1.184461353380088,0.3757078851594424,0.4430616796978299,2.2727852178018364
KRS14ACT,Glu341Thr,E341T,Mutant,1.1401319877309735,0.4497516104892251,0.5187545973040103,2.2040118607945764
KRS11CGT,His338Arg,H338R,Mutant,1.1117683603076869,0.1554249272517702,0.2064160705772721,2.161103788533037
KRS8CAT,Asp335His,D335H,Mutant,1.0945128892492406,0.07989733983527286,0.1159888967953444,2.1354096958218682
KRS13ATG,Pro340Met,P340M,Mutant,1.0844330280929138,0.1706421787522245,0.2231066995487159,2.1205419566199724
KRS7TTT,Ile334Phe,I334F,Mutant,1.0582332133641563,0.37513215986946596,0.4430616796978299,2.082379787324223
KRS15TAA,Phe342Stop,F342NA,Stop,1.0395097474054116,0.40263801000209865,0.4721743794175029,2.0555290304895615
KRS9GAT,Asn336Asp,N336D,Mutant,1.028862973083044,0.0835239857508774,0.1208371065330563,2.040415510992857
KRS5GGT,Glu332Gly,E332G,Mutant,1.0213731064438842,0.23807258813318163,0.29829928453592103,2.0298499803781946
KRS1GAA,Val328Glu,V328E,Mutant,0.9774778348023573,0.274905971945009,0.33742103262055034,1.9690200949212717
KRS19GAT,Glu346Asp,E346D,Mutant,0.9766745945837704,0.1222166528503174,0.16814774787576348,1.9679241211494887
KRS2TTC,Phe329Phe,F329F,Synonymous,0.9374199087437376,0.10409939832254606,0.1464317936472051,1.915100241601574
KRS4TCT,Asn331Ser,N331S,Mutant,0.9281876083844882,0.26107031131539,0.3223184781929008,1.9028839880326598
KRS15GCT,Phe342Ala,F342A,Mutant,0.8802444931623533,0.6041221891821517,0.6728450837187456,1.8406872156141538
KRS14TGG,Glu341Trp,E341W,Mutant,0.8703608818012704,0.7042106286712448,0.7700588952482963,1.8281201369236508
KRS10GCT,Thr337Ala,T337A,Mutant,0.8098977593659042,0.22262360720988994,0.2831557058470201,1.7530872007838896
KRS18ATG,Cys345Met,C345M,Mutant,0.7117617755529343,0.5748083529131511,0.6453181775371644,1.6378029318298883
KRS12CCT,Asn339Pro,N339P,Mutant,0.6905275074037771,0.3367370710797606,0.4027451901266455,1.6138735077203086
KRS2TAT,Phe329Tyr,F329Y,Mutant,0.6892064721225155,0.2470094926032443,0.3067581014335276,1.6123964055040898
KRS14TAT,Glu341Tyr,E341Y,Mutant,0.6480500347878316,0.42117243382725433,0.48846720286852363,1.5670487205127697
KRS16GTT,Thr343Val,T343V,Mutant,0.6425065363007967,0.724953010621934,0.7845892479995737,1.5610389514866672
KRS20ATT,Phe347Ile,F347I,Mutant,0.6096229795946642,0.7539012399661907,0.8024808431204413,1.5258604027908582
KRS13TCT,Pro340Ser,P340S,Mutant,0.563018664870254,0.597453154837249,0.6671824355079093,1.4773571767706348
KRS7GTT,Ile334Val,I334V,Mutant,0.5543333184090211,0.40944915262369663,0.47618257805131575,1.4684898748582695
KRS18TCT,Cys345Ser,C345S,Mutant,0.4742421369440452,0.5530551414144607,0.6259038025147525,1.3891882727533214
KRS3ACT,Arg330Thr,R330T,Mutant,0.46275502094557464,0.49286854768741134,0.5653887154670304,1.3781711106362073
KRS19GTT,Glu346Val,E346V,Mutant,0.3719802564867756,0.5376170060923686,0.6100721282072431,1.2941279440130136
KRS2GAA,Phe329Glu,F329E,Mutant,0.34936093562231463,0.7605250386848674,0.8065013634416351,1.2739961657427814
KRS15TTA,Phe342Leu,F342L,Mutant,0.34292352014716526,0.6988583320821308,0.7661962442879612,1.2683241614040528
KRS18GGT,Cys345Gly,C345G,Mutant,0.3342929803124585,0.7312226440408621,0.7848823101375344,1.260759398686569
KRS11GAA,His338Glu,H338E,Mutant,0.294927278211905,0.8090344435451791,0.8493852886097765,1.2268231353411627
KRS10ATT,Thr337Ile,T337I,Mutant,0.26753611282178563,0.8626055776966367,0.8944752418972512,1.2037502626223948
KRS2TTA,Phe329Leu,F329L,Mutant,0.247296945764711,0.8207843260473214,0.8574446681536534,1.1869810854129639
KRS4AAA,Asn331Lys,N331K,Mutant,0.21738415879587214,0.7246334844035375,0.7845892479995737,1.1626236480856245
KRS19CAA,Glu346Gln,E346Q,Mutant,0.21058439285272346,0.7326811113635416,0.7848823101375344,1.1571568187952244
KRS10CGT,Thr337Arg,T337R,Mutant,0.175187643475184,0.7548275864030755,0.8024808431204413,1.1291112525982763
KRS1CAA,Val328Gln,V328Q,Mutant,0.15016034123725375,0.7949329256495636,0.8366669042461657,1.1096927965569054
KRS3AAA,Arg330Lys,R330K,Mutant,0.14829804463718393,0.8199071592617505,0.8574446681536534,1.1082612785844188
KRS6GTT,Gly333Val,G333V,Mutant,0.07440065580656964,0.9675045227139524,0.9767851416368679,1.0529235251270235
KRS16AAT,Thr343Asn,T343N,Mutant,0.06473522944331668,0.9657235369964305,0.9767851416368679,1.0458929747064445
KRS11CCT,His338Pro,H338P,Mutant,0.054888108709151624,0.9459761691789274,0.9666406971464283,1.038778535488594
KRS20GTT,Phe347Val,F347V,Mutant,0.052024261234214504,0.9644046014039248,0.9767851416368679,1.0367185349603618
KRS13CGT,Pro340Arg,P340R,Mutant,0.03043858939944556,0.9562038006019333,0.9747259081196463,1.0213225677321454
KRS16CGT,Thr343Arg,T343R,Mutant,0.029947185023775812,0.9852543058707967,0.9871107602529874,1.0209747486160032
KRS18TAT,Cys345Tyr,C345Y,Mutant,0.027038254690627025,0.9650196510900285,0.9767851416368679,1.0189182140273143
KRS2ATT,Phe329Ile,F329I,Mutant,0.015581695613686128,0.9871107602529874,0.9871107602529874,1.01085894333759
KRS11TTA,His338Leu,H338L,Mutant,-0.021914814803554398,0.9803056047573862,0.9849848677872545,0.9849245969169753
KRS13TAA,Pro340Stop,P340NA,Stop,-0.026685786486239718,0.9753668698240883,0.9823671105166056,0.9816728451985305
KRS4TAT,Asn331Tyr,N331Y,Mutant,-0.05997449029551327,0.9216587166561971,0.9440835029495352,0.9592810811639484
KRS8GAA,Asp335Glu,D335E,Mutant,-0.09170405717658153,0.8987362844319977,0.9228487213313928,0.938413675370016
KRS1ATT,Val328Ile,V328I,Mutant,-0.09958134357393997,0.888969521035107,0.9172945302837747,0.9333037881564611
KRS9ATT,Asn336Ile,N336I,Mutant,-0.17835939632191145,0.8924599708179726,0.9186446154385487,0.8837073592821159
KRS13GAT,Pro340Asp,P340D,Mutant,-0.1945891672668276,0.8817995719666741,0.9121317439753558,0.8738216965540978
KRS3TCT,Arg330Ser,R330S,Mutant,-0.19749331876961143,0.743866165501349,0.7948417656752993,0.8720644588683427
KRS7ACT,Ile334Thr,I334T,Mutant,-0.20373925278952615,0.7793100903562522,0.8222795690225118,0.8682971461414485
KRS13TAT,Pro340Tyr,P340Y,Mutant,-0.2123391218853465,0.8379325774605637,0.8727003393353167,0.8631366446370414
KRS18TTT,Cys345Phe,C345F,Mutant,-0.25903833823955835,0.8395335805957322,0.8727003393353167,0.8356447521675026
KRS15GAT,Phe342Asp,F342D,Mutant,-0.26497199816105516,0.7274475110158147,0.7848823101375344,0.832214887342836
KRS16CCT,Thr343Pro,T343P,Mutant,-0.26993184752097643,0.6676681266086216,0.7358331971262558,0.829358723545263
KRS7AAA,Ile334Lys,I334K,Mutant,-0.31602769546872445,0.5913200727659917,0.6620897623257515,0.8032785760412273
KRS15AAT,Phe342Asn,F342N,Mutant,-0.39691266935945313,0.7159063461230604,0.7788025108987298,0.7594818172190049
KRS2GCT,Phe329Ala,F329A,Mutant,-0.3970111027087242,0.503083437681002,0.5755383893035377,0.7594300004548359
KRS7CAA,Ile334Gln,I334Q,Mutant,-0.39977034659741995,0.6249480649768362,0.6942035233647705,0.7579789314738171
KRS17GCT,Ser344Ala,S344A,Mutant,-0.4217020805433726,0.5372039758033467,0.6100721282072431,0.7465433384480292
KRS18TTA,Cys345Leu,C345L,Mutant,-0.4323487527511205,0.7146870779882701,0.7788025108987298,0.7410543430038091
KRS5GAT,Glu332Asp,E332D,Mutant,-0.4463599789245389,0.4261571066597187,0.49289049973555377,0.7338921755850454
KRS2CAA,Phe329Gln,F329Q,Mutant,-0.44779433219141024,0.6292082210244454,0.6970964764507671,0.7331628894253914
KRS16AAA,Thr343Lys,T343K,Mutant,-0.45564426954343545,0.7308270668128011,0.7848823101375344,0.7291844648550311
KRS16TTT,Thr343Phe,T343F,Mutant,-0.45839910106509874,0.7722768292727056,0.8169058922708771,0.7277934129518849
KRS6GCT,Gly333Ala,G333A,Mutant,-0.4956609566802591,0.4078263502343419,0.47589843275894606,0.7092366737833962
KRS20TCT,Phe347Ser,F347S,Mutant,-0.5127134031970579,0.5682884168678791,0.6414193659554347,0.7009029477214175
KRS1CGT,Val328Arg,V328R,Mutant,-0.5450063624426463,0.5733541247346956,0.6453181775371644,0.6853883798455995
KRS13GAA,Pro340Glu,P340E,Mutant,-0.5789668421108891,0.6411074329448624,0.7084152999207011,0.6694430143202691
KRS7ATT,Ile334Ile,I334I,Synonymous,-0.5977475659277497,0.30721294400892607,0.37272809633359616,0.6607848128534844
KRS14GTT,Glu341Val,E341V,Mutant,-0.6256025398448901,0.28497187635323235,0.34875918588578725,0.6481490221312967
KRS6GAT,Gly333Asp,G333D,Mutant,-0.6338682098340771,0.36355418654623645,0.4311445423548325,0.644446182700844
KRS9TCT,Asn336Ser,N336S,Mutant,-0.7223063640022476,0.45311368135065877,0.5212045351055392,0.6061276814107741
KRS4ATT,Asn331Ile,N331I,Mutant,-0.7278239140623511,0.25222805126750053,0.3123176752459345,0.6038139888392151
KRS2CGT,Phe329Arg,F329R,Mutant,-0.7375137113283969,0.24028192483588526,0.3001741553587765,0.5997720877782621
KRS10TCT,Thr337Ser,T337S,Mutant,-0.7591584873274412,0.29334049682233665,0.3579604323542137,0.5908408630527714
KRS2TGT,Phe329Cys,F329C,Mutant,-0.7667030517367351,0.20929773039953545,0.26782475531369127,0.5877591295469465
KRS18CCT,Cys345Pro,C345P,Mutant,-0.7876859747468643,0.40807442809021266,0.47589843275894606,0.5792724771359632
KRS7GGT,Ile334Gly,I334G,Mutant,-0.810554782141788,0.3362780542403842,0.4027451901266455,0.570162562223584
KRS16CAT,Thr343His,T343H,Mutant,-0.8429649926385593,0.6797234221649915,0.7471633439463745,0.5574966369971571
KRS9AAC,Asn336Asn,N336N,Synonymous,-0.847494176635062,0.22772829008399093,0.28811257337067436,0.5557491814154569
KRS19GCT,Glu346Ala,E346A,Mutant,-0.9507971915573796,0.15002749610638375,0.20179417207919348,0.5173465122030219
KRS20TTA,Phe347Leu,F347L,Mutant,-0.9537902018597096,0.3289550997173881,0.39796004879603564,0.5162743394082441
KRS18TAA,Cys345Stop,C345NA,Stop,-0.9945139345070516,0.07651516455199335,0.11185029262635139,0.5019049450393359
KRS8GTT,Asp335Val,D335V,Mutant,-1.0386208148567118,0.15304597820332108,0.203899863365817,0.48679261451139066
KRS1TAT,Val328Tyr,V328Y,Mutant,-1.1689394079339108,0.04779920936172753,0.07317624415013561,0.44474817545306594
KRS17CGT,Ser344Arg,S344R,Mutant,-1.18769453220666,0.13852189671410411,0.18873048063636838,0.439003841065503
KRS5CAA,Glu332Gln,E332Q,Mutant,-1.2371461123609384,0.035906219768061506,0.05661617424102582,0.4242109857038923
KRS14GCT,Glu341Ala,E341A,Mutant,-1.2647913525949905,0.14561066596777464,0.19648105888600362,0.41615954939633637
KRS7CGT,Ile334Arg,I334R,Mutant,-1.2665160632828465,0.04654875290603121,0.07152198895415744,0.4156623369272384
KRS6CGT,Gly333Arg,G333R,Mutant,-1.3230870117050872,0.01922124192033521,0.032629608259923885,0.3996788090537195
KRS15CGT,Phe342Arg,F342R,Mutant,-1.3246701708240551,0.06428859261291009,0.09530104750012375,0.3992404571640756
KRS7TGG,Ile334Trp,I334W,Mutant,-1.3266052635032919,0.3970117459964443,0.4668769415209582,0.39870531330359277
KRS13TGT,Pro340Cys,P340C,Mutant,-1.341601978337158,0.29583064001377074,0.35995577874507945,0.39458226576270317
KRS8GCT,Asp335Ala,D335A,Mutant,-1.395639856115836,0.14113892732962807,0.19167576905088202,0.3800760816841411
KRS3TAA,Arg330Stop,R330NA,Stop,-1.406621462575791,0.033335950110768585,0.053771781596297225,0.37719397515447234
KRS17AAA,Ser344Lys,S344K,Mutant,-1.4229212968109564,0.15169425389241037,0.2027405742498564,0.37295635196609533
KRS15CCT,Phe342Pro,F342P,Mutant,-1.4325216723870142,0.09837164247049535,0.1389747029532837,0.37048276323670515
KRS20TAT,Phe347Tyr,F347Y,Mutant,-1.459515970447286,0.011559134332109514,0.02115824153833959,0.3636151030872597
KRS4CAT,Asn331His,N331H,Mutant,-1.4601391286298793,0.05515325072276268,0.08352344803698952,0.36345807697238003
KRS15AAA,Phe342Lys,F342K,Mutant,-1.4744488819447141,0.24462383271000632,0.3046941821624635,0.35987084154246474
KRS16GGT,Thr343Gly,T343G,Mutant,-1.4897871946357688,0.20672027568421195,0.2653330367776013,0.3560650665595319
KRS5GTT,Glu332Val,E332V,Mutant,-1.5356343771460021,0.036445113934104115,0.057251466292006836,0.3449276345466459
KRS10TTA,Thr337Leu,T337L,Mutant,-1.5401472269931482,0.1895488556648484,0.24403690591712895,0.3438503628234126
KRS16GAA,Thr343Glu,T343E,Mutant,-1.6790015761134243,0.00845894840826898,0.015969584214714082,0.31229869023352935
KRS5AAA,Glu332Lys,E332K,Mutant,-1.7951076704261346,0.0024719887228484474,0.005529400258172879,0.2881500808382045
KRS2GGT,Phe329Gly,F329G,Mutant,-1.8423913296065602,0.013792512597749763,0.024295597504822804,0.2788591800441578
KRS18GTT,Cys345Val,C345V,Mutant,-1.8507072663007633,0.008254003988560127,0.015652863419746907,0.2772564126097816
KRS17TAT,Ser344Tyr,S344Y,Mutant,-1.8622940533615928,0.003906368066713922,0.007983402699449327,0.27503858764199757
KRS9TAT,Asn336Tyr,N336Y,Mutant,-1.8631424211976764,0.012016612111478553,0.02180600732298479,0.2748769004572491
KRS9CAT,Asn336His,N336H,Mutant,-1.867361030575386,0.007987779845262647,0.01532257305074823,0.27407430220338685
KRS11ACT,His338Thr,H338T,Mutant,-1.897078976429272,0.0024319425294839297,0.005475121951404997,0.2684864199414663
KRS18GAA,Cys345Glu,C345E,Mutant,-1.908363820626322,0.12849508961582057,0.17620987859368226,0.26639449585088776
KRS17GAA,Ser344Glu,S344E,Mutant,-1.9468720629931942,0.01105776354524398,0.020386444713998347,0.2593779845473865
KRS20TGT,Phe347Cys,F347C,Mutant,-1.9492581152232138,0.0016599026319188445,0.004110700047281374,0.25894935763950194
KRS8TAT,Asp335Tyr,D335Y,Mutant,-1.9795841089273085,0.01265662493903567,0.02252102432974085,0.2535629549501658
KRS4ACT,Asn331Thr,N331T,Mutant,-2.014076449028795,0.012347940385404195,0.022311085417404147,0.2475725986575064
KRS8ATG,Asp335Met,D335M,Mutant,-2.023143603024996,0.1072116539940168,0.14945730573338104,0.24602151579215523
KRS12TGG,Asn339Trp,N339W,Mutant,-2.048451231302087,0.17409779836529587,0.22692004059377574,0.24174346054718868
KRS7GCT,Ile334Ala,I334A,Mutant,-2.0600616898044297,0.015508376115992407,0.026649087121766543,0.2398057754897791
KRS18TGG,Cys345Trp,C345W,Mutant,-2.0612111396170403,0.0028297350581625914,0.006078155405543117,0.23961478923367047
KRS8AAT,Asp335Asn,D335N,Mutant,-2.0719293194612924,6.473190189813439e-4,0.0019337970875272711,0.23784122111845948
KRS14TGT,Glu341Cys,E341C,Mutant,-2.078155122974811,0.02678158921628252,0.044043160390839615,0.23681705298837016
KRS6TGT,Gly333Cys,G333C,Mutant,-2.0828512421393848,8.838649249781724e-4,0.0025142373879446663,0.23604744264228666
KRS16TGG,Thr343Trp,T343W,Mutant,-2.180624425398101,0.025818111473726018,0.04262519580564177,0.22058025714774604
KRS8CGT,Asp335Arg,D335R,Mutant,-2.184472530239752,0.08762833116098662,0.12634084732457318,0.2199926867239144
KRS15GTT,Phe342Val,F342V,Mutant,-2.195863885047423,2.536600195257952e-4,9.152444063750256e-4,0.21826248937495166
KRS18AAT,Cys345Asn,C345N,Mutant,-2.227334744856358,0.0017382857198047093,0.004230163514669264,0.213552879342735
KRS19CAT,Glu346His,E346H,Mutant,-2.2353568081991044,0.1206936327027102,0.16659678481259343,0.21236872013040622
KRS5GCT,Glu332Ala,E332A,Mutant,-2.3066264191129084,7.885923027806998e-5,3.3199735947067463e-4,0.20213255194981386
KRS1ATG,Val328Met,V328M,Mutant,-2.3093661566483474,0.008113983552981804,0.015456955094141807,0.2017490581264163
KRS1AAA,Val328Lys,V328K,Mutant,-2.3147555649291003,0.057155903871433135,0.08593798403526197,0.20099679958428895
KRS6TCT,Gly333Ser,G333S,Mutant,-2.342984816830116,0.0010903094235480534,0.002841896710958764,0.19710211783962514
KRS7TCT,Ile334Ser,I334S,Mutant,-2.3485890069803035,0.002213963146663995,0.005082965913522081,0.1963379541940538
KRS19AAA,Glu346Lys,E346K,Mutant,-2.4577509205744543,0.008595346678644354,0.016082848674263437,0.1820301181756503
KRS7TAA,Ile334Stop,I334NA,Stop,-2.468042807238064,0.00477956705444128,0.009581893951998946,0.18073617398616398
KRS7CCT,Ile334Pro,I334P,Mutant,-2.480133543055194,5.858959027109891e-4,0.001774548021880046,0.17922781501282078
KRS19ATG,Glu346Met,E346M,Mutant,-2.4840946807882003,0.004028839106451624,0.00819391914887021,0.17873639284810144
KRS5TGG,Glu332Trp,E332W,Mutant,-2.4844535660091553,0.01245252373756397,0.022403899544933468,0.1786919358629355
KRS14TAA,Glu341Stop,E341NA,Stop,-2.511378295830677,6.481023640442133e-5,2.842198908985561e-4,0.1753879704227996
KRS3ATT,Arg330Ile,R330I,Mutant,-2.511717960903252,7.617973431372249e-4,0.0022118391824880804,0.17534668231015332
KRS11GGT,His338Gly,H338G,Mutant,-2.5335849342365666,0.041339623547789674,0.06398522615301269,0.17270898753395644
KRS6TAT,Gly333Tyr,G333Y,Mutant,-2.5361566426530504,3.8463819527836984e-4,0.0012552920946681681,0.1724013954869669
KRS14CGT,Glu341Arg,E341R,Mutant,-2.5469265231733034,5.46950219752092e-4,0.0017056743890046721,0.17111919155865749
KRS18AAA,Cys345Lys,C345K,Mutant,-2.549574489391181,0.01436930099175087,0.02499783354350048,0.17080540226373905
KRS8CCT,Asp335Pro,D335P,Mutant,-2.5552458709768815,0.008743359693681915,0.016287408986903035,0.17013526682707045
KRS18GCT,Cys345Ala,C345A,Mutant,-2.5822664183649575,0.003048211783786543,0.006384562989921067,0.1669784215241447
KRS9ACT,Asn336Thr,N336T,Mutant,-2.586456877169275,0.002358379837806944,0.005338053288799589,0.16649411890959512
KRS19TGG,Glu346Trp,E346W,Mutant,-2.5866758088019077,0.00800704529967841,0.01532257305074823,0.16646885503702108
KRS2ATG,Phe329Met,F329M,Mutant,-2.6147697538243113,0.006481237949962449,0.012750472789412107,0.16325852646795913
KRS3CCT,Arg330Pro,R330P,Mutant,-2.633911704284751,0.0021885279583343255,0.005082965913522081,0.16110668854855
KRS10GGT,Thr337Gly,T337G,Mutant,-2.636975663605689,0.0016841724069363133,0.004146412767954315,0.16076489730127422
KRS4TGT,Asn331Cys,N331C,Mutant,-2.652676402050894,0.016357992248362173,0.02799477535187185,0.15902479126357089
KRS9GCT,Asn336Ala,N336A,Mutant,-2.6576828234461365,5.232165049298277e-4,0.001643836929667593,0.1584739019174746
KRS18ACT,Cys345Thr,C345T,Mutant,-2.663610539912419,4.094954339492652e-4,0.001315717096977289,0.1578241033795305
KRS2GAT,Phe329Asp,F329D,Mutant,-2.6693829299526413,0.06376029116636858,0.09485188191180625,0.1571938924672144
KRS15GGT,Phe342Gly,F342G,Mutant,-2.6735042531742095,3.2985398354118503e-4,0.0011199074763777331,0.1567454800482489
KRS7AAT,Ile334Asn,I334N,Mutant,-2.7107785479693485,0.0010465725731841626,0.002779149573938049,0.1527475824881236
KRS17GAT,Ser344Asp,S344D,Mutant,-2.711058451535501,0.002123054993744134,0.00502138287846225,0.1527179501371322
KRS15CAA,Phe342Gln,F342Q,Mutant,-2.715854989087632,3.0177286889312586e-4,0.0010587198150333833,0.15221105089111955
KRS14ATT,Glu341Ile,E341I,Mutant,-2.7271895196411413,5.1266624848475384e-5,2.3717856111217734e-4,0.15101989039198438
KRS20ACT,Phe347Thr,F347T,Mutant,-2.7284411522786005,0.024050343497486793,0.0400205320649879,0.15088892754271532
KRS14AAA,Glu341Lys,E341K,Mutant,-2.7436270396810154,3.5261277058569956e-4,0.0011688974520990512,0.14930899221773436
KRS9GTT,Asn336Val,N336V,Mutant,-2.745970696097313,9.008474185215262e-6,6.019948622183533e-5,0.14906663683981217
KRS19CGT,Glu346Arg,E346R,Mutant,-2.7763811242974596,8.518390559338453e-5,3.4817887626033874e-4,0.14595736091340014
KRS19ATT,Glu346Ile,E346I,Mutant,-2.7857487389238944,0.022999510468699826,0.038423785346518365,0.14501271015909611
KRS20TAA,Phe347Stop,F347NA,Stop,-2.839143167094886,0.02093942284223961,0.03512150205809911,0.13974386307905418
KRS6ATG,Gly333Met,G333M,Mutant,-2.8451649112306563,0.0030361574796934207,0.006384562989921067,0.1391617940971834
KRS3CAT,Arg330His,R330H,Mutant,-2.8584226143763285,0.00262126689684075,0.0057777663014133805,0.13788881927018665
KRS17CAA,Ser344Gln,S344Q,Mutant,-2.8593532911539628,4.72919335616496e-6,3.828827697972016e-5,0.1377998964315445
KRS11GCT,His338Ala,H338A,Mutant,-2.8639238240077036,0.007332938009041693,0.014161316063332811,0.13736402998771843
KRS19TCT,Glu346Ser,E346S,Mutant,-2.8723062235411416,2.398545054956772e-6,2.4042558765161932e-5,0.13656822661448442
KRS17CAT,Ser344His,S344H,Mutant,-2.891580232413879,4.601154435230084e-5,2.2012341104907563e-4,0.1347558460847631
KRS8CAA,Asp335Gln,D335Q,Mutant,-2.9122284538146594,1.5200005846365434e-4,5.794470745857485e-4,0.13284092198792205
KRS18CAA,Cys345Gln,C345Q,Mutant,-2.921673142622821,9.998711286933605e-4,0.002715779001160676,0.1319741114081547
KRS18CAT,Cys345His,C345H,Mutant,-2.929312006799421,7.282989586506404e-4,0.0021441528782651723,0.13127717405865633
KRS20CAT,Phe347His,F347H,Mutant,-2.931019818870749,0.002539567866965169,0.005627147747328085,0.13112186466172887
KRS3GAA,Arg330Glu,R330E,Mutant,-2.9417901341275594,0.0024823198308662094,0.005529400258172879,0.13014663049551636
KRS16GAT,Thr343Asp,T343D,Mutant,-2.9444785612850586,0.031539716251571176,0.05126726077958095,0.12990433124108655
KRS10TAT,Thr337Tyr,T337Y,Mutant,-2.9513098663430912,8.770133747243614e-5,3.5502176034515014e-4,0.12929067527066118
KRS6ACT,Gly333Thr,G333T,Mutant,-2.9548474936482108,2.580317077586244e-6,2.5263104410786246e-5,0.12897403045272443
KRS4CCT,Asn331Pro,N331P,Mutant,-2.958438141404673,2.0932815453704868e-4,7.745672981692717e-4,0.12865343290106962
KRS20TGG,Phe347Trp,F347W,Mutant,-2.9791133863164942,0.0026784950799632625,0.005842727609660796,0.12682285049118527
KRS13AAA,Pro340Lys,P340K,Mutant,-2.987585596119071,6.388597361169905e-7,8.643154016245924e-6,0.1260802673202851
KRS6AAT,Gly333Asn,G333N,Mutant,-2.9976848871799113,3.891302321645417e-5,1.8830325027732422e-4,0.12520075027078828
KRS5TAA,Glu332Stop,E332NA,Stop,-3.0043691417403235,6.69461765480953e-6,4.859369021853124e-5,0.12462201535940287
KRS15ATG,Phe342Met,F342M,Mutant,-3.0126700310276413,0.0019397173216643144,0.004666405670975294,0.12390703181976177
KRS19TTA,Glu346Leu,E346L,Mutant,-3.0139029521353353,4.2925072101848044e-7,6.701682159836911e-6,0.12380118662593083
KRS9ATG,Asn336Met,N336M,Mutant,-3.0237040503282118,0.01984861757268787,0.033425071992406366,0.1229629808839855
KRS10GAA,Thr337Glu,T337E,Mutant,-3.045155242533485,1.226355067418693e-5,7.37564976261814e-5,0.12114819015247909
KRS8ATT,Asp335Ile,D335I,Mutant,-3.0477538959134503,4.168508984166718e-6,3.447953615098592e-5,0.12093016847882058
KRS19TAA,Glu346Stop,E346NA,Stop,-3.051286627744117,6.090228635172249e-6,4.6617931916500306e-5,0.12063440866118061
KRS5ATT,Glu332Ile,E332I,Mutant,-3.060483930391016,2.1813243324973688e-5,1.1570572242510706e-4,0.11986780031740782
KRS14CAA,Glu341Gln,E341Q,Mutant,-3.0923277162497627,2.4126222518215128e-4,8.832295374059625e-4,0.11725101231388503
KRS9AAA,Asn336Lys,N336K,Mutant,-3.102748670166679,0.007005789911082131,0.013591878122422013,0.11640712983156835
KRS20AAT,Phe347Asn,F347N,Mutant,-3.10658373220851,3.45322183575581e-6,3.093205091177013e-5,0.11609810005350886
KRS8TTA,Asp335Leu,D335L,Mutant,-3.1139201072681866,1.9771911115479998e-6,2.08099364490427e-5,0.11550921798142888
KRS6TGG,Gly333Trp,G333W,Mutant,-3.1262790672186007,0.0012061919214614821,0.003040759275061581,0.11452392554559768
KRS6GAA,Gly333Glu,G333E,Mutant,-3.1486217723091143,2.9229532966288546e-4,0.0010340868385552502,0.11276398146921016
KRS4GAA,Asn331Glu,N331E,Mutant,-3.1571776508655742,0.0010769707329972501,0.0028337792411990146,0.1120972156588713
KRS6CAA,Gly333Gln,G333Q,Mutant,-3.1659702573764217,6.980219395543026e-7,8.643154016245924e-6,0.11141610891969254
KRS14CAT,Glu341His,E341H,Mutant,-3.173533188299936,0.014203417356992301,0.024811778868438834,0.11083356892876664
KRS5TGT,Glu332Cys,E332C,Mutant,-3.179156154946925,4.2979909338621514e-7,6.701682159836911e-6,0.1104024310102435
KRS4TAA,Asn331Stop,N331NA,Stop,-3.1888401987908344,9.639659631771728e-4,0.0026352576006336997,0.10966383991719977
KRS5TAT,Glu332Tyr,E332Y,Mutant,-3.202920261449958,3.8697805867539637e-7,6.5167105080936744e-6,0.10859877529211928
KRS19TGT,Glu346Cys,E346C,Mutant,-3.2055590060990875,2.1986835615222242e-5,1.1570572242510706e-4,0.10840032550189145
KRS14CCT,Glu341Pro,E341P,Mutant,-3.2083534400325027,9.576516763094186e-4,0.0026351069001716684,0.10819056227401413
KRS6TAA,Gly333Stop,G333NA,Stop,-3.2157686201149387,1.6439340729276842e-6,1.7746057556475772e-5,0.10763590983926183
KRS7GAT,Ile334Asp,I334D,Mutant,-3.219779846017248,3.1182159488854565e-4,0.0010849329871741962,0.1073370578447895
KRS20GAT,Phe347Asp,F347D,Mutant,-3.2253912762646313,1.5277583201667004e-4,5.794470745857485e-4,0.10692037618434871
KRS6ATT,Gly333Ile,G333I,Mutant,-3.2285756467885607,1.547437035688453e-7,3.619283289026882e-6,0.10668463778682848
KRS11ATG,His338Met,H338M,Mutant,-3.234623014111938,0.00851900948493952,0.01601117407660508,0.10623838206721263
KRS9CAA,Asn336Gln,N336Q,Mutant,-3.23788517317403,5.119502848638465e-5,2.3717856111217734e-4,0.1059984318590094
KRS4CAA,Asn331Gln,N331Q,Mutant,-3.2411547823656406,0.0010073688913875118,0.00271860450816758,0.10575847746077101
KRS4TTT,Asn331Phe,N331F,Mutant,-3.247261219697442,1.2622392146225814e-6,1.4362235388002886e-5,0.10531178382062176
KRS19ACT,Glu346Thr,E346T,Mutant,-3.2596087563604605,1.0427385862062326e-5,6.552133504370506e-5,0.10441430214401493
KRS10CAT,Thr337His,T337H,Mutant,-3.2669832265168917,1.4102092154414422e-4,5.497204441674512e-4,0.10388194047478924
KRS5TTT,Glu332Phe,E332F,Mutant,-3.2724833148342305,3.238717732981295e-4,0.0011085367199879068,0.10348665796810963
KRS3ATG,Arg330Met,R330M,Mutant,-3.2746487745198642,0.005634589718433089,0.011189444676699672,0.10333144284544167
KRS6CCT,Gly333Pro,G333P,Mutant,-3.2772985310966676,6.616136354262298e-6,4.859369021853124e-5,0.10314183113044044
KRS8AAA,Asp335Lys,D335K,Mutant,-3.292173747352929,7.219080637355647e-5,3.101258110537477e-4,0.10208382893892748
KRS3TAT,Arg330Tyr,R330Y,Mutant,-3.300008221163691,3.786120765095312e-5,1.853438188494333e-4,0.10153097097103561
KRS9TAA,Asn336Stop,N336NA,Stop,-3.3252140668103176,1.0107771334740443e-4,4.052734982786406e-4,0.09977249297304924
KRS13GGT,Pro340Gly,P340G,Mutant,-3.3351627408081996,3.7119574330446437e-4,0.0012208859994623398,0.09908683912019572
KRS19CCT,Glu346Pro,E346P,Mutant,-3.3470402683588536,2.9030390779094176e-4,0.0010340868385552502,0.09827441845357761
KRS20CGT,Phe347Arg,F347R,Mutant,-3.3473648088308905,2.848628421312027e-6,2.725619466755371e-5,0.09825231368564687
KRS7CAT,Ile334His,I334H,Mutant,-3.348922954243435,7.704146817420086e-4,0.00222153822611908,0.09814625610170673
KRS8TAA,Asp335Stop,D335NA,Stop,-3.354516522505836,9.476709804204079e-8,2.4935592672311984e-6,0.09776646350287259
KRS10TAA,Thr337Stop,T337NA,Stop,-3.3741100028694855,3.245168248126539e-6,3.0360351832472733e-5,0.09644765670263664
KRS9TGG,Asn336Trp,N336W,Mutant,-3.374923527374522,0.0038278185114395866,0.007861032162517396,0.09639328595073843
KRS7TAT,Ile334Tyr,I334Y,Mutant,-3.38686420919332,1.8908431614507524e-5,1.061393294627689e-4,0.09559876498819624
KRS9GAA,Asn336Glu,N336E,Mutant,-3.4008315326886382,2.0681571890116146e-5,1.1162745853511407e-4,0.09467769986197132
KRS6TTT,Gly333Phe,G333F,Mutant,-3.4012327234079356,5.530951692176062e-4,0.001712154898828031,0.09465137514845076
KRS10ATG,Thr337Met,T337M,Mutant,-3.4082493911893335,3.374397749110765e-4,0.0011274773431552635,0.09419214793319175
KRS19AAT,Glu346Asn,E346N,Mutant,-3.415736701752142,8.602665987331213e-7,1.0060339946295669e-5,0.09370457505008827
KRS10AAA,Thr337Lys,T337K,Mutant,-3.423928285764101,0.0020188367115261383,0.004829149179275592,0.09317403060302365
KRS6CAT,Gly333His,G333H,Mutant,-3.4471091062795414,3.6333033671477904e-5,1.7995537853755529e-4,0.09168889961842257
KRS20AAA,Phe347Lys,F347K,Mutant,-3.451007300514194,4.0783915944327923e-4,0.001315717096977289,0.09144148856866587
KRS5CAT,Glu332His,E332H,Mutant,-3.4516455314416286,2.033818659203994e-5,1.1119969552271187e-4,0.09140104490091205
KRS10AAT,Thr337Asn,T337N,Mutant,-3.4624378588633067,3.33995873359192e-4,0.0011248981014737587,0.0907198547816711
KRS9CGT,Asn336Arg,N336R,Mutant,-3.4633633345139616,5.559929604866935e-7,8.071484012582688e-6,0.09066167748810593
KRS8ACT,Asp335Thr,D335T,Mutant,-3.476454923826144,7.898586523150076e-4,0.0022621121947252938,0.08984269881240498
KRS5TCT,Glu332Ser,E332S,Mutant,-3.4778314465879947,1.1691747891695794e-5,7.133660670150621e-5,0.08975701782224164
KRS19TAT,Glu346Tyr,E346Y,Mutant,-3.4944000354872014,2.0974031351852013e-4,7.745672981692717e-4,0.08873210255221227
KRS4CGT,Asn331Arg,N331R,Mutant,-3.498280827212547,3.342211325657293e-5,1.6750844858353812e-4,0.08849373749952445
KRS20CAA,Phe347Gln,F347Q,Mutant,-3.5105081721648648,2.2623512756193772e-7,4.724167027464698e-6,0.08774689149090291
KRS10GTT,Thr337Val,T337V,Mutant,-3.5429673348381288,9.430422677096945e-9,1.3391689389249837e-6,0.08579471947530481
KRS9TGT,Asn336Cys,N336C,Mutant,-3.5432092960557138,3.4095584482670756e-8,1.7942801334005485e-6,0.08578033164315667
KRS2TGG,Phe329Trp,F329W,Mutant,-3.5433571421795254,0.002342485488107922,0.005330737245910461,0.0857715414003399
KRS3AAT,Arg330Asn,R330N,Mutant,-3.544413676001706,0.0027810510097698807,0.006035167397490308,0.08570875102692252
KRS20GAA,Phe347Glu,F347E,Mutant,-3.5605059424947996,6.455438836359936e-5,2.842198908985561e-4,0.0847580412338527
KRS20GCT,Phe347Ala,F347A,Mutant,-3.5619583322611508,5.7942409810767835e-5,2.595080269184389e-4,0.08467275656555101
KRS13CAA,Pro340Gln,P340Q,Mutant,-3.568850462660019,5.521690369568381e-5,2.4996039199874073e-4,0.08426921740205072
KRS5CCT,Glu332Pro,E332P,Mutant,-3.570044435419048,3.8716733300460426e-8,1.8110827466104266e-6,0.08419950514537541
KRS10TTT,Thr337Phe,T337F,Mutant,-3.5838053647245602,1.7502208500016142e-7,3.878120936056208e-6,0.08340019894117952
KRS10GAT,Thr337Asp,T337D,Mutant,-3.6163723935988767,6.513458877021619e-4,0.0019337970875272711,0.08153863447028026
KRS7TGT,Ile334Cys,I334C,Mutant,-3.6314921769914306,1.9729803637716998e-5,1.0929272804577443e-4,0.08068855270990495
KRS4ATG,Asn331Met,N331M,Mutant,-3.6344076059003063,0.0028603892245745747,0.00611281149008069,0.0805256602053959
KRS8TCT,Asp335Ser,D335S,Mutant,-3.635368780475844,6.265534930463741e-6,4.710339653080777e-5,0.0804720290236501
KRS4GTT,Asn331Val,N331V,Mutant,-3.64970156443572,1.6750482478512587e-5,9.66020975815589e-5,0.0796765193693218
KRS19TTT,Glu346Phe,E346F,Mutant,-3.654025352167834,1.8601511806205615e-5,1.0582751987044006e-4,0.0794380846210637
KRS5CGT,Glu332Arg,E332R,Mutant,-3.674176541876529,2.6976756653730515e-8,1.7218936627021114e-6,0.07833622722573608
KRS3TTT,Arg330Phe,R330F,Mutant,-3.718260613229401,7.441712729621894e-8,2.098938213470829e-6,0.07597872890896681
KRS20CCT,Phe347Pro,F347P,Mutant,-3.7204219933210343,6.667308024901952e-8,2.098938213470829e-6,0.07586498625639237
KRS8TTT,Asp335Phe,D335F,Mutant,-3.752680534384885,1.401294177042309e-7,3.4702638149106594e-6,0.0741874758639301
KRS14ATG,Glu341Met,E341M,Mutant,-3.777136811855346,8.903384287095673e-4,0.0025156542180317302,0.07294046403663049
KRS3GTT,Arg330Val,R330V,Mutant,-3.7846385657983355,6.913861258085681e-6,4.933450151956053e-5,0.07256217116218724
KRS20ATG,Phe347Met,F347M,Mutant,-3.7857487302084465,5.056227096648211e-5,2.3717856111217734e-4,0.07250635551756535
KRS6AAA,Gly333Lys,G333K,Mutant,-3.8043820366084042,6.65570294614349e-7,8.643154016245924e-6,0.07157591226855065
KRS14TTA,Glu341Leu,E341L,Mutant,-3.815674628074503,3.729237287465254e-9,1.3391689389249837e-6,0.07101784394245933
KRS3TGT,Arg330Cys,R330C,Mutant,-3.8416974782299205,2.9554945281376485e-5,1.5173941418853047e-4,0.06974833178697319
KRS5AAT,Glu332Asn,E332N,Mutant,-3.85545502400194,2.8630060900035106e-8,1.7218936627021114e-6,0.06908637265043628
KRS10TGT,Thr337Cys,T337C,Mutant,-3.8656826182003434,6.00730093659745e-8,2.098938213470829e-6,0.06859833554444557
KRS10CAA,Thr337Gln,T337Q,Mutant,-3.879303025002743,3.670692143125964e-6,3.208999123747417e-5,0.06795374986079528
KRS5TTA,Glu332Leu,E332L,Mutant,-3.917104705823096,4.176855923278579e-6,3.447953615098592e-5,0.06619634144157413
KRS6TTA,Gly333Leu,G333L,Mutant,-3.9752892254870993,4.836982425036521e-7,7.2727485747870555e-6,0.0635797332788207
KRS8TGT,Asp335Cys,D335C,Mutant,-3.9885810688917096,5.100582099239366e-6,4.051594459961836e-5,0.06299665039502281
KRS3CAA,Arg330Gln,R330Q,Mutant,-4.0033670995133335,1.4371897592578767e-4,5.550980629794185e-4,0.06235430161764198
KRS5ACT,Glu332Thr,E332T,Mutant,-4.008565878164233,9.542771536282544e-9,1.3391689389249837e-6,0.06213001108201697
KRS11GTT,His338Val,H338V,Mutant,-4.093886993251431,4.7278705818382195e-8,1.9904335149538907e-6,0.05856217744333707
KRS3TTA,Arg330Leu,R330L,Mutant,-4.134508251518867,7.132776730183219e-8,2.098938213470829e-6,0.05693626825135256
KRS2AAT,Phe329Asn,F329N,Mutant,-4.221738818656331,1.1106266084669038e-5,6.876085325949508e-5,0.053595704222911225
KRS4GGT,Asn331Gly,N331G,Mutant,-4.244571709733318,5.430966475070599e-5,2.4852574847877417e-4,0.05275414596159508
KRS3GCT,Arg330Ala,R330A,Mutant,-4.311676281231504,1.5281378852878554e-5,8.935361801474822e-5,0.05035656616854754
KRS4TTA,Asn331Leu,N331L,Mutant,-4.314266040453498,1.91799026037458e-8,1.6149477992353964e-6,0.05026625297121567
KRS4TGG,Asn331Trp,N331W,Mutant,-4.354313324955509,0.002221533795933641,0.005082965913522081,0.04889011723464838
KRS14TTT,Glu341Phe,E341F,Mutant,-4.356245657714348,5.2092277035849815e-6,4.061268265202366e-5,0.04882467808554158
KRS13TGG,Pro340Trp,P340W,Mutant,-4.395469737464386,2.5435533383819e-4,9.152444063750256e-4,0.04751511273226779
KRS14AAT,Glu341Asn,E341N,Mutant,-4.401810329722477,1.588786538752249e-8,1.6149477992353964e-6,0.047306743761562055
KRS3TGG,Arg330Trp,R330W,Mutant,-4.441040103565416,0.0017583525820754034,0.004254404810653706,0.04603771042274418
KRS4GCT,Asn331Ala,N331A,Mutant,-4.64809021475003,3.147994831346071e-5,1.5967540048152963e-4,0.03988277999395503
KRS5ATG,Glu332Met,E332M,Mutant,-4.808136365052969,1.3388712538590498e-5,7.938940815136055e-5,0.035694946130699505
KRS10TGG,Thr337Trp,T337W,Mutant,-4.862148803347746,3.332643884364745e-6,3.0500936419946907e-5,0.034383284977664526
KRS3GAT,Arg330Asp,R330D,Mutant,-5.27620350320967,2.87681312969401e-7,5.505174216368991e-6,0.02580503677398742
KRS9GGT,Asn336Gly,N336G,Mutant,-5.86497994965949,7.666662340560937e-6,5.291253844878942e-5,0.01715793867200045
KRS8TGG,Asp335Trp,D335W,Mutant,-8.714664422304434,0.002806578819183055,0.0060593317070567485,0.0023802611418622904
